Modell,Accuracy,Precision,Recall,F1
LogisticRegression,0.5231362467866324,0.518348623853211,0.8582278481012658,0.646329837940896
SVM,0.5077120822622108,0.51,0.7746835443037975,0.6150753768844222
RandomForest,0.5012853470437018,0.5081206496519721,0.5544303797468354,0.5302663438256658
KNN,0.5051413881748072,0.5110619469026548,0.5848101265822785,0.5454545454545454
GradientBoosting,0.4961439588688946,0.5029821073558648,0.640506329113924,0.5634743875278396
